Head 1,Head 2,Head 3,Head 4,Head 5,Head 6,Head 7,Head 8,Head 9,Head 10,Head 11
Data  Column 1,Data  Column 1,Data  Column 1,Data  Column 1,Data  Column 1,Data  Column 1,Data  Column 1,Data  Column 1,Data  Column 1,Data  Column 1,Data  Column 1
Data  Column 2,Data  Column 2,Data  Column 2,Data  Column 2,Data  Column 2,Data  Column 2,Data  Column 2,Data  Column 2,Data  Column 2,Data  Column 2,Data  Column 2
Data  Column 3,Data  Column 3,Data  Column 3,Data  Column 3,Data  Column 3,Data  Column 3,Data  Column 3,Data  Column 3,Data  Column 3,Data  Column 3,Data  Column 3
Data  Column 4,Data  Column 4,Data  Column 4,Data  Column 4,Data  Column 4,Data  Column 4,Data  Column 4,Data  Column 4,Data  Column 4,Data  Column 4,Data  Column 4
Data  Column 5,Data  Column 5,Data  Column 5,Data  Column 5,Data  Column 5,Data  Column 5,Data  Column 5,Data  Column 5,Data  Column 5,Data  Column 5,Data  Column 5
Data  Column 6,Data  Column 6,Data  Column 6,Data  Column 6,Data  Column 6,Data  Column 6,Data  Column 6,Data  Column 6,Data  Column 6,Data  Column 6,Data  Column 6
Data  Column 7,Data  Column 7,Data  Column 7,Data  Column 7,Data  Column 7,Data  Column 7,Data  Column 7,Data  Column 7,Data  Column 7,Data  Column 7,Data  Column 7
Data  Column 8,Data  Column 8,Data  Column 8,Data  Column 8,Data  Column 8,Data  Column 8,Data  Column 8,Data  Column 8,Data  Column 8,Data  Column 8,Data  Column 8
Data  Column 9,Data  Column 9,Data  Column 9,Data  Column 9,Data  Column 9,Data  Column 9,Data  Column 9,Data  Column 9,Data  Column 9,Data  Column 9,Data  Column 9
Data  Column 10,Data  Column 10,Data  Column 10,Data  Column 10,Data  Column 10,Data  Column 10,Data  Column 10,Data  Column 10,Data  Column 10,Data  Column 10,Data  Column 10
Data  Column 11,Data  Column 11,Data  Column 11,Data  Column 11,Data  Column 11,Data  Column 11,Data  Column 11,Data  Column 11,Data  Column 11,Data  Column 11,Data  Column 11
Data  Column 12,Data  Column 12,Data  Column 12,Data  Column 12,Data  Column 12,Data  Column 12,Data  Column 12,Data  Column 12,Data  Column 12,Data  Column 12,Data  Column 12
Data  Column 13,Data  Column 13,Data  Column 13,Data  Column 13,Data  Column 13,Data  Column 13,Data  Column 13,Data  Column 13,Data  Column 13,Data  Column 13,Data  Column 13
Data  Column 14,Data  Column 14,Data  Column 14,Data  Column 14,Data  Column 14,Data  Column 14,Data  Column 14,Data  Column 14,Data  Column 14,Data  Column 14,Data  Column 14
Data  Column 15,Data  Column 15,Data  Column 15,Data  Column 15,Data  Column 15,Data  Column 15,Data  Column 15,Data  Column 15,Data  Column 15,Data  Column 15,Data  Column 15
